"Month","Department","Category","ActualAmount"
"2021-01","Finance","Infrastructure","936919"
"2021-01","Finance","Marketing","708355"
"2021-01","Finance","Salaries","977691"
"2021-01","Finance","Training","639523"
"2021-01","Finance","Travel","555794"
"2021-01","Finance","Utilities","864861"
"2021-01","HR","Infrastructure","726979"
"2021-01","HR","Marketing","356578"
"2021-01","HR","Salaries","650322"
"2021-01","HR","Training","529881"
"2021-01","HR","Travel","1012870"
"2021-01","HR","Utilities","998948"
"2021-01","IT","Infrastructure","228642"
"2021-01","IT","Marketing","497827"
"2021-01","IT","Salaries","107388"
"2021-01","IT","Training","337259"
"2021-01","IT","Travel","435575"
"2021-01","IT","Utilities","811742"
"2021-01","Marketing","Infrastructure","517689"
"2021-01","Marketing","Marketing","1265342"
"2021-01","Marketing","Salaries","590622"
"2021-01","Marketing","Training","1187270"
"2021-01","Marketing","Travel","734235"
"2021-01","Marketing","Utilities","824523"
"2021-01","Operations","Infrastructure","496149"
"2021-01","Operations","Marketing","332975"
"2021-01","Operations","Salaries","808107"
"2021-01","Operations","Training","917121"
"2021-01","Operations","Travel","764148"
"2021-01","Operations","Utilities","634180"
"2021-01","Sales","Infrastructure","764029"
"2021-01","Sales","Marketing","443674"
"2021-01","Sales","Salaries","783057"
"2021-01","Sales","Training","1127041"
"2021-01","Sales","Travel","907963"
"2021-01","Sales","Utilities","437934"
"2021-02","Finance","Infrastructure","780712"
"2021-02","Finance","Marketing","397953"
"2021-02","Finance","Salaries","201201"
"2021-02","Finance","Training","809416"
"2021-02","Finance","Travel","844142"
"2021-02","Finance","Utilities","531420"
"2021-02","HR","Infrastructure","288287"
"2021-02","HR","Marketing","961734"
"2021-02","HR","Salaries","356192"
"2021-02","HR","Training","515980"
"2021-02","HR","Travel","1262434"
"2021-02","HR","Utilities","500639"
"2021-02","IT","Infrastructure","230750"
"2021-02","IT","Marketing","639714"
"2021-02","IT","Salaries","387737"
"2021-02","IT","Training","286711"
"2021-02","IT","Travel","899571"
"2021-02","IT","Utilities","881488"
"2021-02","Marketing","Infrastructure","260647"
"2021-02","Marketing","Marketing","487456"
"2021-02","Marketing","Salaries","331482"
"2021-02","Marketing","Training","816097"
"2021-02","Marketing","Travel","603081"
"2021-02","Marketing","Utilities","391596"
"2021-02","Operations","Infrastructure","1335984"
"2021-02","Operations","Marketing","596417"
"2021-02","Operations","Salaries","205992"
"2021-02","Operations","Training","478250"
"2021-02","Operations","Travel","429916"
"2021-02","Operations","Utilities","833675"
"2021-02","Sales","Infrastructure","440402"
"2021-02","Sales","Marketing","632121"
"2021-02","Sales","Salaries","671837"
"2021-02","Sales","Training","746821"
"2021-02","Sales","Travel","426262"
"2021-02","Sales","Utilities","168146"
"2021-03","Finance","Infrastructure","929831"
"2021-03","Finance","Marketing","532210"
"2021-03","Finance","Salaries","656179"
"2021-03","Finance","Training","902110"
"2021-03","Finance","Travel","445482"
"2021-03","Finance","Utilities","595679"
"2021-03","HR","Infrastructure","574049"
"2021-03","HR","Marketing","54534"
"2021-03","HR","Salaries","577316"
"2021-03","HR","Training","625958"
"2021-03","HR","Travel","886680"
"2021-03","HR","Utilities","1054356"
"2021-03","IT","Infrastructure","366249"
"2021-03","IT","Marketing","804689"
"2021-03","IT","Salaries","1304769"
"2021-03","IT","Training","425575"
"2021-03","IT","Travel","404587"
"2021-03","IT","Utilities","945406"
"2021-03","Marketing","Infrastructure","447407"
"2021-03","Marketing","Marketing","1053824"
"2021-03","Marketing","Salaries","316240"
"2021-03","Marketing","Training","977522"
"2021-03","Marketing","Travel","600439"
"2021-03","Marketing","Utilities","984821"
"2021-03","Operations","Infrastructure","156586"
"2021-03","Operations","Marketing","758423"
"2021-03","Operations","Salaries","1031755"
"2021-03","Operations","Training","728560"
"2021-03","Operations","Travel","442993"
"2021-03","Operations","Utilities","437857"
"2021-03","Sales","Infrastructure","595671"
"2021-03","Sales","Marketing","1326633"
"2021-03","Sales","Salaries","150702"
"2021-03","Sales","Training","597358"
"2021-03","Sales","Travel","533413"
"2021-03","Sales","Utilities","1070046"
"2021-04","Finance","Infrastructure","972096"
"2021-04","Finance","Marketing","825532"
"2021-04","Finance","Salaries","374845"
"2021-04","Finance","Training","663097"
"2021-04","Finance","Travel","871101"
"2021-04","Finance","Utilities","666369"
"2021-04","HR","Infrastructure","183382"
"2021-04","HR","Marketing","916154"
"2021-04","HR","Salaries","681522"
"2021-04","HR","Training","629913"
"2021-04","HR","Travel","736482"
"2021-04","HR","Utilities","826753"
"2021-04","IT","Infrastructure","1023342"
"2021-04","IT","Marketing","353086"
"2021-04","IT","Salaries","377581"
"2021-04","IT","Training","119409"
"2021-04","IT","Travel","446540"
"2021-04","IT","Utilities","613960"
"2021-04","Marketing","Infrastructure","351555"
"2021-04","Marketing","Marketing","595360"
"2021-04","Marketing","Salaries","870689"
"2021-04","Marketing","Training","1058944"
"2021-04","Marketing","Travel","861461"
"2021-04","Marketing","Utilities","148669"
"2021-04","Operations","Infrastructure","498844"
"2021-04","Operations","Marketing","398369"
"2021-04","Operations","Salaries","961847"
"2021-04","Operations","Training","734702"
"2021-04","Operations","Travel","152414"
"2021-04","Operations","Utilities","625962"
"2021-04","Sales","Infrastructure","582090"
"2021-04","Sales","Marketing","1197765"
"2021-04","Sales","Salaries","904000"
"2021-04","Sales","Training","946966"
"2021-04","Sales","Travel","1050377"
"2021-04","Sales","Utilities","1142926"
"2021-05","Finance","Infrastructure","1049502"
"2021-05","Finance","Marketing","773585"
"2021-05","Finance","Salaries","577330"
"2021-05","Finance","Training","971557"
"2021-05","Finance","Travel","582021"
"2021-05","Finance","Utilities","849992"
"2021-05","HR","Infrastructure","1062060"
"2021-05","HR","Marketing","760131"
"2021-05","HR","Salaries","644185"
"2021-05","HR","Training","902862"
"2021-05","HR","Travel","385819"
"2021-05","HR","Utilities","773696"
"2021-05","IT","Infrastructure","649836"
"2021-05","IT","Marketing","435557"
"2021-05","IT","Salaries","627875"
"2021-05","IT","Training","1139576"
"2021-05","IT","Travel","519489"
"2021-05","IT","Utilities","901153"
"2021-05","Marketing","Infrastructure","515027"
"2021-05","Marketing","Marketing","969390"
"2021-05","Marketing","Salaries","943498"
"2021-05","Marketing","Training","665172"
"2021-05","Marketing","Travel","235281"
"2021-05","Marketing","Utilities","1050316"
"2021-05","Operations","Infrastructure","579254"
"2021-05","Operations","Marketing","392256"
"2021-05","Operations","Salaries","539383"
"2021-05","Operations","Training","792772"
"2021-05","Operations","Travel","867793"
"2021-05","Operations","Utilities","728516"
"2021-05","Sales","Infrastructure","817445"
"2021-05","Sales","Marketing","476914"
"2021-05","Sales","Salaries","1158693"
"2021-05","Sales","Training","827229"
"2021-05","Sales","Travel","879569"
"2021-05","Sales","Utilities","1205647"
"2021-06","Finance","Infrastructure","908781"
"2021-06","Finance","Marketing","773292"
"2021-06","Finance","Salaries","555593"
"2021-06","Finance","Training","687488"
"2021-06","Finance","Travel","453283"
"2021-06","Finance","Utilities","634047"
"2021-06","HR","Infrastructure","178092"
"2021-06","HR","Marketing","390748"
"2021-06","HR","Salaries","795975"
"2021-06","HR","Training","341130"
"2021-06","HR","Travel","804473"
"2021-06","HR","Utilities","685866"
"2021-06","IT","Infrastructure","866520"
"2021-06","IT","Marketing","616584"
"2021-06","IT","Salaries","493528"
"2021-06","IT","Training","562590"
"2021-06","IT","Travel","583473"
"2021-06","IT","Utilities","602216"
"2021-06","Marketing","Infrastructure","310177"
"2021-06","Marketing","Marketing","607256"
"2021-06","Marketing","Salaries","905825"
"2021-06","Marketing","Training","339842"
"2021-06","Marketing","Travel","274970"
"2021-06","Marketing","Utilities","664637"
"2021-06","Operations","Infrastructure","590653"
"2021-06","Operations","Marketing","775974"
"2021-06","Operations","Salaries","396424"
"2021-06","Operations","Training","494153"
"2021-06","Operations","Travel","1115259"
"2021-06","Operations","Utilities","579265"
"2021-06","Sales","Infrastructure","639591"
"2021-06","Sales","Marketing","907226"
"2021-06","Sales","Salaries","971817"
"2021-06","Sales","Training","625444"
"2021-06","Sales","Travel","464541"
"2021-06","Sales","Utilities","799495"
"2021-07","Finance","Infrastructure","939126"
"2021-07","Finance","Marketing","488888"
"2021-07","Finance","Salaries","730377"
"2021-07","Finance","Training","483330"
"2021-07","Finance","Travel","1144261"
"2021-07","Finance","Utilities","1229803"
"2021-07","HR","Infrastructure","281413"
"2021-07","HR","Marketing","834888"
"2021-07","HR","Salaries","915879"
"2021-07","HR","Training","1026641"
"2021-07","HR","Travel","920415"
"2021-07","HR","Utilities","799672"
"2021-07","IT","Infrastructure","357511"
"2021-07","IT","Marketing","424261"
"2021-07","IT","Salaries","471366"
"2021-07","IT","Training","384853"
"2021-07","IT","Travel","643153"
"2021-07","IT","Utilities","278887"
"2021-07","Marketing","Infrastructure","751725"
"2021-07","Marketing","Marketing","570512"
"2021-07","Marketing","Salaries","397907"
"2021-07","Marketing","Training","355670"
"2021-07","Marketing","Travel","1239111"
"2021-07","Marketing","Utilities","357086"
"2021-07","Operations","Infrastructure","211803"
"2021-07","Operations","Marketing","860341"
"2021-07","Operations","Salaries","583428"
"2021-07","Operations","Training","922033"
"2021-07","Operations","Travel","727316"
"2021-07","Operations","Utilities","613605"
"2021-07","Sales","Infrastructure","415577"
"2021-07","Sales","Marketing","1029233"
"2021-07","Sales","Salaries","303954"
"2021-07","Sales","Training","562909"
"2021-07","Sales","Travel","1352769"
"2021-07","Sales","Utilities","1076272"
"2021-08","Finance","Infrastructure","626234"
"2021-08","Finance","Marketing","328988"
"2021-08","Finance","Salaries","512017"
"2021-08","Finance","Training","473693"
"2021-08","Finance","Travel","918423"
"2021-08","Finance","Utilities","678034"
"2021-08","HR","Infrastructure","605781"
"2021-08","HR","Marketing","603987"
"2021-08","HR","Salaries","386283"
"2021-08","HR","Training","534546"
"2021-08","HR","Travel","1324346"
"2021-08","HR","Utilities","845008"
"2021-08","IT","Infrastructure","269633"
"2021-08","IT","Marketing","284116"
"2021-08","IT","Salaries","560456"
"2021-08","IT","Training","965251"
"2021-08","IT","Travel","829968"
"2021-08","IT","Utilities","472739"
"2021-08","Marketing","Infrastructure","882021"
"2021-08","Marketing","Marketing","486827"
"2021-08","Marketing","Salaries","748797"
"2021-08","Marketing","Training","1003273"
"2021-08","Marketing","Travel","1145510"
"2021-08","Marketing","Utilities","949338"
"2021-08","Operations","Infrastructure","698265"
"2021-08","Operations","Marketing","534257"
"2021-08","Operations","Salaries","876654"
"2021-08","Operations","Training","957605"
"2021-08","Operations","Travel","930024"
"2021-08","Operations","Utilities","586781"
"2021-08","Sales","Infrastructure","952760"
"2021-08","Sales","Marketing","766853"
"2021-08","Sales","Salaries","877790"
"2021-08","Sales","Training","560337"
"2021-08","Sales","Travel","268612"
"2021-08","Sales","Utilities","558582"
"2021-09","Finance","Infrastructure","658834"
"2021-09","Finance","Marketing","503027"
"2021-09","Finance","Salaries","808389"
"2021-09","Finance","Training","1303077"
"2021-09","Finance","Travel","768372"
"2021-09","Finance","Utilities","546587"
"2021-09","HR","Infrastructure","1007176"
"2021-09","HR","Marketing","947333"
"2021-09","HR","Salaries","702696"
"2021-09","HR","Training","738450"
"2021-09","HR","Travel","1372706"
"2021-09","HR","Utilities","940187"
"2021-09","IT","Infrastructure","892055"
"2021-09","IT","Marketing","536973"
"2021-09","IT","Salaries","556966"
"2021-09","IT","Training","784048"
"2021-09","IT","Travel","606177"
"2021-09","IT","Utilities","940284"
"2021-09","Marketing","Infrastructure","294651"
"2021-09","Marketing","Marketing","795372"
"2021-09","Marketing","Salaries","805575"
"2021-09","Marketing","Training","994354"
"2021-09","Marketing","Travel","209233"
"2021-09","Marketing","Utilities","646781"
"2021-09","Operations","Infrastructure","426873"
"2021-09","Operations","Marketing","762317"
"2021-09","Operations","Salaries","901562"
"2021-09","Operations","Training","406875"
"2021-09","Operations","Travel","710171"
"2021-09","Operations","Utilities","1097781"
"2021-09","Sales","Infrastructure","761791"
"2021-09","Sales","Marketing","495105"
"2021-09","Sales","Salaries","469107"
"2021-09","Sales","Training","648689"
"2021-09","Sales","Travel","354685"
"2021-09","Sales","Utilities","435727"
"2021-10","Finance","Infrastructure","275667"
"2021-10","Finance","Marketing","893813"
"2021-10","Finance","Salaries","966627"
"2021-10","Finance","Training","265706"
"2021-10","Finance","Travel","634904"
"2021-10","Finance","Utilities","242994"
"2021-10","HR","Infrastructure","656239"
"2021-10","HR","Marketing","562348"
"2021-10","HR","Salaries","769513"
"2021-10","HR","Training","728786"
"2021-10","HR","Travel","626189"
"2021-10","HR","Utilities","290466"
"2021-10","IT","Infrastructure","342390"
"2021-10","IT","Marketing","1106030"
"2021-10","IT","Salaries","823455"
"2021-10","IT","Training","1018738"
"2021-10","IT","Travel","882085"
"2021-10","IT","Utilities","113444"
"2021-10","Marketing","Infrastructure","652582"
"2021-10","Marketing","Marketing","446235"
"2021-10","Marketing","Salaries","451665"
"2021-10","Marketing","Training","841719"
"2021-10","Marketing","Travel","358590"
"2021-10","Marketing","Utilities","1115753"
"2021-10","Operations","Infrastructure","908258"
"2021-10","Operations","Marketing","79401"
"2021-10","Operations","Salaries","943231"
"2021-10","Operations","Training","514165"
"2021-10","Operations","Travel","668273"
"2021-10","Operations","Utilities","808956"
"2021-10","Sales","Infrastructure","725872"
"2021-10","Sales","Marketing","491259"
"2021-10","Sales","Salaries","108416"
"2021-10","Sales","Training","650588"
"2021-10","Sales","Travel","599817"
"2021-10","Sales","Utilities","615858"
"2021-11","Finance","Infrastructure","437728"
"2021-11","Finance","Marketing","479767"
"2021-11","Finance","Salaries","697246"
"2021-11","Finance","Training","575033"
"2021-11","Finance","Travel","368800"
"2021-11","Finance","Utilities","553427"
"2021-11","HR","Infrastructure","1169674"
"2021-11","HR","Marketing","705181"
"2021-11","HR","Salaries","76515"
"2021-11","HR","Training","348984"
"2021-11","HR","Travel","570681"
"2021-11","HR","Utilities","478156"
"2021-11","IT","Infrastructure","687984"
"2021-11","IT","Marketing","726773"
"2021-11","IT","Salaries","802890"
"2021-11","IT","Training","377586"
"2021-11","IT","Travel","1102450"
"2021-11","IT","Utilities","605045"
"2021-11","Marketing","Infrastructure","526246"
"2021-11","Marketing","Marketing","1097375"
"2021-11","Marketing","Salaries","894117"
"2021-11","Marketing","Training","606321"
"2021-11","Marketing","Travel","795356"
"2021-11","Marketing","Utilities","883976"
"2021-11","Operations","Infrastructure","226306"
"2021-11","Operations","Marketing","619291"
"2021-11","Operations","Salaries","1091565"
"2021-11","Operations","Training","786505"
"2021-11","Operations","Travel","291715"
"2021-11","Operations","Utilities","502629"
"2021-11","Sales","Infrastructure","964187"
"2021-11","Sales","Marketing","262259"
"2021-11","Sales","Salaries","572104"
"2021-11","Sales","Training","126146"
"2021-11","Sales","Travel","806399"
"2021-11","Sales","Utilities","1152053"
"2021-12","Finance","Infrastructure","730472"
"2021-12","Finance","Marketing","570534"
"2021-12","Finance","Salaries","469919"
"2021-12","Finance","Training","648550"
"2021-12","Finance","Travel","499671"
"2021-12","Finance","Utilities","515417"
"2021-12","HR","Infrastructure","332261"
"2021-12","HR","Marketing","814550"
"2021-12","HR","Salaries","777157"
"2021-12","HR","Training","623491"
"2021-12","HR","Travel","781825"
"2021-12","HR","Utilities","539989"
"2021-12","IT","Infrastructure","675684"
"2021-12","IT","Marketing","604834"
"2021-12","IT","Salaries","971571"
"2021-12","IT","Training","818093"
"2021-12","IT","Travel","1090895"
"2021-12","IT","Utilities","554227"
"2021-12","Marketing","Infrastructure","530814"
"2021-12","Marketing","Marketing","857001"
"2021-12","Marketing","Salaries","190823"
"2021-12","Marketing","Training","432610"
"2021-12","Marketing","Travel","590757"
"2021-12","Marketing","Utilities","758612"
"2021-12","Operations","Infrastructure","445733"
"2021-12","Operations","Marketing","958699"
"2021-12","Operations","Salaries","520603"
"2021-12","Operations","Training","1112301"
"2021-12","Operations","Travel","783499"
"2021-12","Operations","Utilities","401379"
"2021-12","Sales","Infrastructure","789698"
"2021-12","Sales","Marketing","604688"
"2021-12","Sales","Salaries","813751"
"2021-12","Sales","Training","305990"
"2021-12","Sales","Travel","476630"
"2021-12","Sales","Utilities","398008"
"2022-01","Finance","Infrastructure","613468"
"2022-01","Finance","Marketing","937278"
"2022-01","Finance","Salaries","1102607"
"2022-01","Finance","Training","1074501"
"2022-01","Finance","Travel","802250"
"2022-01","Finance","Utilities","908650"
"2022-01","HR","Infrastructure","945980"
"2022-01","HR","Marketing","1374431"
"2022-01","HR","Salaries","531288"
"2022-01","HR","Training","695220"
"2022-01","HR","Travel","661203"
"2022-01","HR","Utilities","524610"
"2022-01","IT","Infrastructure","391639"
"2022-01","IT","Marketing","510757"
"2022-01","IT","Salaries","503447"
"2022-01","IT","Training","725616"
"2022-01","IT","Travel","858929"
"2022-01","IT","Utilities","689518"
"2022-01","Marketing","Infrastructure","980136"
"2022-01","Marketing","Marketing","713981"
"2022-01","Marketing","Salaries","350816"
"2022-01","Marketing","Training","741579"
"2022-01","Marketing","Travel","1065579"
"2022-01","Marketing","Utilities","556058"
"2022-01","Operations","Infrastructure","608703"
"2022-01","Operations","Marketing","547542"
"2022-01","Operations","Salaries","207635"
"2022-01","Operations","Training","1035880"
"2022-01","Operations","Travel","623665"
"2022-01","Operations","Utilities","996718"
"2022-01","Sales","Infrastructure","678323"
"2022-01","Sales","Marketing","767444"
"2022-01","Sales","Salaries","928516"
"2022-01","Sales","Training","1140803"
"2022-01","Sales","Travel","532738"
"2022-01","Sales","Utilities","400009"
"2022-02","Finance","Infrastructure","259829"
"2022-02","Finance","Marketing","298260"
"2022-02","Finance","Salaries","556721"
"2022-02","Finance","Training","604619"
"2022-02","Finance","Travel","769861"
"2022-02","Finance","Utilities","351709"
"2022-02","HR","Infrastructure","1301932"
"2022-02","HR","Marketing","577405"
"2022-02","HR","Salaries","354548"
"2022-02","HR","Training","663969"
"2022-02","HR","Travel","724489"
"2022-02","HR","Utilities","956983"
"2022-02","IT","Infrastructure","71259"
"2022-02","IT","Marketing","800804"
"2022-02","IT","Salaries","421801"
"2022-02","IT","Training","524381"
"2022-02","IT","Travel","476013"
"2022-02","IT","Utilities","668780"
"2022-02","Marketing","Infrastructure","814528"
"2022-02","Marketing","Marketing","678344"
"2022-02","Marketing","Salaries","783948"
"2022-02","Marketing","Training","651384"
"2022-02","Marketing","Travel","721636"
"2022-02","Marketing","Utilities","208952"
"2022-02","Operations","Infrastructure","733179"
"2022-02","Operations","Marketing","368274"
"2022-02","Operations","Salaries","837456"
"2022-02","Operations","Training","505774"
"2022-02","Operations","Travel","66190"
"2022-02","Operations","Utilities","396952"
"2022-02","Sales","Infrastructure","557376"
"2022-02","Sales","Marketing","671645"
"2022-02","Sales","Salaries","1408422"
"2022-02","Sales","Training","462703"
"2022-02","Sales","Travel","837739"
"2022-02","Sales","Utilities","98273"
"2022-03","Finance","Infrastructure","647581"
"2022-03","Finance","Marketing","83412"
"2022-03","Finance","Salaries","831044"
"2022-03","Finance","Training","398259"
"2022-03","Finance","Travel","682710"
"2022-03","Finance","Utilities","995053"
"2022-03","HR","Infrastructure","403571"
"2022-03","HR","Marketing","149266"
"2022-03","HR","Salaries","1037208"
"2022-03","HR","Training","429140"
"2022-03","HR","Travel","1279839"
"2022-03","HR","Utilities","218310"
"2022-03","IT","Infrastructure","408561"
"2022-03","IT","Marketing","827663"
"2022-03","IT","Salaries","794444"
"2022-03","IT","Training","1109156"
"2022-03","IT","Travel","1216477"
"2022-03","IT","Utilities","976385"
"2022-03","Marketing","Infrastructure","358926"
"2022-03","Marketing","Marketing","381899"
"2022-03","Marketing","Salaries","812070"
"2022-03","Marketing","Training","131228"
"2022-03","Marketing","Travel","953023"
"2022-03","Marketing","Utilities","868197"
"2022-03","Operations","Infrastructure","687737"
"2022-03","Operations","Marketing","652754"
"2022-03","Operations","Salaries","780021"
"2022-03","Operations","Training","721853"
"2022-03","Operations","Travel","671396"
"2022-03","Operations","Utilities","423355"
"2022-03","Sales","Infrastructure","1328436"
"2022-03","Sales","Marketing","312148"
"2022-03","Sales","Salaries","888941"
"2022-03","Sales","Training","770154"
"2022-03","Sales","Travel","752004"
"2022-03","Sales","Utilities","909590"
"2022-04","Finance","Infrastructure","915745"
"2022-04","Finance","Marketing","421345"
"2022-04","Finance","Salaries","1068295"
"2022-04","Finance","Training","330379"
"2022-04","Finance","Travel","268596"
"2022-04","Finance","Utilities","497817"
"2022-04","HR","Infrastructure","358954"
"2022-04","HR","Marketing","503648"
"2022-04","HR","Salaries","340115"
"2022-04","HR","Training","907375"
"2022-04","HR","Travel","773463"
"2022-04","HR","Utilities","539059"
"2022-04","IT","Infrastructure","577966"
"2022-04","IT","Marketing","395848"
"2022-04","IT","Salaries","372161"
"2022-04","IT","Training","395619"
"2022-04","IT","Travel","529285"
"2022-04","IT","Utilities","659909"
"2022-04","Marketing","Infrastructure","911136"
"2022-04","Marketing","Marketing","855006"
"2022-04","Marketing","Salaries","839221"
"2022-04","Marketing","Training","853993"
"2022-04","Marketing","Travel","971944"
"2022-04","Marketing","Utilities","891637"
"2022-04","Operations","Infrastructure","930984"
"2022-04","Operations","Marketing","555698"
"2022-04","Operations","Salaries","594140"
"2022-04","Operations","Training","742859"
"2022-04","Operations","Travel","797064"
"2022-04","Operations","Utilities","1160484"
"2022-04","Sales","Infrastructure","614485"
"2022-04","Sales","Marketing","944851"
"2022-04","Sales","Salaries","552402"
"2022-04","Sales","Training","576549"
"2022-04","Sales","Travel","876695"
"2022-04","Sales","Utilities","530488"
"2022-05","Finance","Infrastructure","558381"
"2022-05","Finance","Marketing","599435"
"2022-05","Finance","Salaries","532958"
"2022-05","Finance","Training","1124871"
"2022-05","Finance","Travel","900870"
"2022-05","Finance","Utilities","672325"
"2022-05","HR","Infrastructure","440453"
"2022-05","HR","Marketing","651827"
"2022-05","HR","Salaries","928974"
"2022-05","HR","Training","1227337"
"2022-05","HR","Travel","890745"
"2022-05","HR","Utilities","948327"
"2022-05","IT","Infrastructure","1269954"
"2022-05","IT","Marketing","1154745"
"2022-05","IT","Salaries","366045"
"2022-05","IT","Training","793072"
"2022-05","IT","Travel","542315"
"2022-05","IT","Utilities","1248557"
"2022-05","Marketing","Infrastructure","832372"
"2022-05","Marketing","Marketing","383544"
"2022-05","Marketing","Salaries","695793"
"2022-05","Marketing","Training","589197"
"2022-05","Marketing","Travel","586379"
"2022-05","Marketing","Utilities","920759"
"2022-05","Operations","Infrastructure","704597"
"2022-05","Operations","Marketing","545150"
"2022-05","Operations","Salaries","598588"
"2022-05","Operations","Training","862380"
"2022-05","Operations","Travel","522404"
"2022-05","Operations","Utilities","601704"
"2022-05","Sales","Infrastructure","257134"
"2022-05","Sales","Marketing","870650"
"2022-05","Sales","Salaries","1118656"
"2022-05","Sales","Training","358299"
"2022-05","Sales","Travel","785283"
"2022-05","Sales","Utilities","521426"
"2022-06","Finance","Infrastructure","573475"
"2022-06","Finance","Marketing","702957"
"2022-06","Finance","Salaries","729764"
"2022-06","Finance","Training","619603"
"2022-06","Finance","Travel","509244"
"2022-06","Finance","Utilities","565824"
"2022-06","HR","Infrastructure","951397"
"2022-06","HR","Marketing","580068"
"2022-06","HR","Salaries","595807"
"2022-06","HR","Training","1265094"
"2022-06","HR","Travel","480852"
"2022-06","HR","Utilities","1044211"
"2022-06","IT","Infrastructure","649440"
"2022-06","IT","Marketing","683018"
"2022-06","IT","Salaries","579832"
"2022-06","IT","Training","385877"
"2022-06","IT","Travel","737921"
"2022-06","IT","Utilities","1015920"
"2022-06","Marketing","Infrastructure","626196"
"2022-06","Marketing","Marketing","1102795"
"2022-06","Marketing","Salaries","970127"
"2022-06","Marketing","Training","468837"
"2022-06","Marketing","Travel","499790"
"2022-06","Marketing","Utilities","194254"
"2022-06","Operations","Infrastructure","399394"
"2022-06","Operations","Marketing","1266833"
"2022-06","Operations","Salaries","575751"
"2022-06","Operations","Training","562456"
"2022-06","Operations","Travel","622567"
"2022-06","Operations","Utilities","562254"
"2022-06","Sales","Infrastructure","499765"
"2022-06","Sales","Marketing","1011412"
"2022-06","Sales","Salaries","430024"
"2022-06","Sales","Training","1236936"
"2022-06","Sales","Travel","620604"
"2022-06","Sales","Utilities","555282"
"2022-07","Finance","Infrastructure","501238"
"2022-07","Finance","Marketing","604816"
"2022-07","Finance","Salaries","793136"
"2022-07","Finance","Training","473937"
"2022-07","Finance","Travel","1306816"
"2022-07","Finance","Utilities","254549"
"2022-07","HR","Infrastructure","338608"
"2022-07","HR","Marketing","1251460"
"2022-07","HR","Salaries","643343"
"2022-07","HR","Training","287281"
"2022-07","HR","Travel","801380"
"2022-07","HR","Utilities","1073932"
"2022-07","IT","Infrastructure","709926"
"2022-07","IT","Marketing","1063046"
"2022-07","IT","Salaries","622865"
"2022-07","IT","Training","755399"
"2022-07","IT","Travel","761308"
"2022-07","IT","Utilities","1040858"
"2022-07","Marketing","Infrastructure","560372"
"2022-07","Marketing","Marketing","708520"
"2022-07","Marketing","Salaries","1158416"
"2022-07","Marketing","Training","729576"
"2022-07","Marketing","Travel","814901"
"2022-07","Marketing","Utilities","423390"
"2022-07","Operations","Infrastructure","845074"
"2022-07","Operations","Marketing","633007"
"2022-07","Operations","Salaries","600655"
"2022-07","Operations","Training","240359"
"2022-07","Operations","Travel","967302"
"2022-07","Operations","Utilities","808238"
"2022-07","Sales","Infrastructure","561040"
"2022-07","Sales","Marketing","1237352"
"2022-07","Sales","Salaries","517319"
"2022-07","Sales","Training","593231"
"2022-07","Sales","Travel","787554"
"2022-07","Sales","Utilities","645486"
"2022-08","Finance","Infrastructure","749347"
"2022-08","Finance","Marketing","621727"
"2022-08","Finance","Salaries","671961"
"2022-08","Finance","Training","340517"
"2022-08","Finance","Travel","641005"
"2022-08","Finance","Utilities","822768"
"2022-08","HR","Infrastructure","1049092"
"2022-08","HR","Marketing","853319"
"2022-08","HR","Salaries","930500"
"2022-08","HR","Training","780186"
"2022-08","HR","Travel","958144"
"2022-08","HR","Utilities","962227"
"2022-08","IT","Infrastructure","707654"
"2022-08","IT","Marketing","514301"
"2022-08","IT","Salaries","776708"
"2022-08","IT","Training","210756"
"2022-08","IT","Travel","735175"
"2022-08","IT","Utilities","1117566"
"2022-08","Marketing","Infrastructure","423897"
"2022-08","Marketing","Marketing","444934"
"2022-08","Marketing","Salaries","758442"
"2022-08","Marketing","Training","216537"
"2022-08","Marketing","Travel","1218239"
"2022-08","Marketing","Utilities","800556"
"2022-08","Operations","Infrastructure","591458"
"2022-08","Operations","Marketing","1015318"
"2022-08","Operations","Salaries","498101"
"2022-08","Operations","Training","654684"
"2022-08","Operations","Travel","383706"
"2022-08","Operations","Utilities","1108843"
"2022-08","Sales","Infrastructure","657604"
"2022-08","Sales","Marketing","1320397"
"2022-08","Sales","Salaries","939152"
"2022-08","Sales","Training","781690"
"2022-08","Sales","Travel","429222"
"2022-08","Sales","Utilities","516144"
"2022-09","Finance","Infrastructure","601025"
"2022-09","Finance","Marketing","572532"
"2022-09","Finance","Salaries","315637"
"2022-09","Finance","Training","457528"
"2022-09","Finance","Travel","570526"
"2022-09","Finance","Utilities","589361"
"2022-09","HR","Infrastructure","1198812"
"2022-09","HR","Marketing","597949"
"2022-09","HR","Salaries","978281"
"2022-09","HR","Training","514210"
"2022-09","HR","Travel","902958"
"2022-09","HR","Utilities","296317"
"2022-09","IT","Infrastructure","625065"
"2022-09","IT","Marketing","524221"
"2022-09","IT","Salaries","477300"
"2022-09","IT","Training","123696"
"2022-09","IT","Travel","617883"
"2022-09","IT","Utilities","736320"
"2022-09","Marketing","Infrastructure","699834"
"2022-09","Marketing","Marketing","747504"
"2022-09","Marketing","Salaries","1067925"
"2022-09","Marketing","Training","807173"
"2022-09","Marketing","Travel","412418"
"2022-09","Marketing","Utilities","815541"
"2022-09","Operations","Infrastructure","855405"
"2022-09","Operations","Marketing","900678"
"2022-09","Operations","Salaries","405303"
"2022-09","Operations","Training","673581"
"2022-09","Operations","Travel","456185"
"2022-09","Operations","Utilities","1059828"
"2022-09","Sales","Infrastructure","544475"
"2022-09","Sales","Marketing","669301"
"2022-09","Sales","Salaries","631731"
"2022-09","Sales","Training","760045"
"2022-09","Sales","Travel","598944"
"2022-09","Sales","Utilities","809736"
"2022-10","Finance","Infrastructure","1030922"
"2022-10","Finance","Marketing","616677"
"2022-10","Finance","Salaries","876426"
"2022-10","Finance","Training","406581"
"2022-10","Finance","Travel","945718"
"2022-10","Finance","Utilities","455655"
"2022-10","HR","Infrastructure","153373"
"2022-10","HR","Marketing","639567"
"2022-10","HR","Salaries","1391594"
"2022-10","HR","Training","1386518"
"2022-10","HR","Travel","221050"
"2022-10","HR","Utilities","312548"
"2022-10","IT","Infrastructure","479696"
"2022-10","IT","Marketing","556618"
"2022-10","IT","Salaries","988917"
"2022-10","IT","Training","257066"
"2022-10","IT","Travel","1092070"
"2022-10","IT","Utilities","320542"
"2022-10","Marketing","Infrastructure","722651"
"2022-10","Marketing","Marketing","558821"
"2022-10","Marketing","Salaries","740038"
"2022-10","Marketing","Training","685042"
"2022-10","Marketing","Travel","985848"
"2022-10","Marketing","Utilities","670908"
"2022-10","Operations","Infrastructure","1106822"
"2022-10","Operations","Marketing","1018466"
"2022-10","Operations","Salaries","302842"
"2022-10","Operations","Training","477460"
"2022-10","Operations","Travel","599183"
"2022-10","Operations","Utilities","476803"
"2022-10","Sales","Infrastructure","703498"
"2022-10","Sales","Marketing","772642"
"2022-10","Sales","Salaries","696890"
"2022-10","Sales","Training","1459827"
"2022-10","Sales","Travel","1138562"
"2022-10","Sales","Utilities","1251415"
"2022-11","Finance","Infrastructure","464541"
"2022-11","Finance","Marketing","1409302"
"2022-11","Finance","Salaries","417960"
"2022-11","Finance","Training","575435"
"2022-11","Finance","Travel","543578"
"2022-11","Finance","Utilities","232431"
"2022-11","HR","Infrastructure","536113"
"2022-11","HR","Marketing","202514"
"2022-11","HR","Salaries","587812"
"2022-11","HR","Training","1079984"
"2022-11","HR","Travel","723651"
"2022-11","HR","Utilities","599625"
"2022-11","IT","Infrastructure","408769"
"2022-11","IT","Marketing","367314"
"2022-11","IT","Salaries","251784"
"2022-11","IT","Training","555391"
"2022-11","IT","Travel","893641"
"2022-11","IT","Utilities","732800"
"2022-11","Marketing","Infrastructure","991378"
"2022-11","Marketing","Marketing","1117184"
"2022-11","Marketing","Salaries","117954"
"2022-11","Marketing","Training","850441"
"2022-11","Marketing","Travel","239758"
"2022-11","Marketing","Utilities","803319"
"2022-11","Operations","Infrastructure","942728"
"2022-11","Operations","Marketing","600369"
"2022-11","Operations","Salaries","831582"
"2022-11","Operations","Training","335444"
"2022-11","Operations","Travel","1024968"
"2022-11","Operations","Utilities","1027865"
"2022-11","Sales","Infrastructure","1103232"
"2022-11","Sales","Marketing","586884"
"2022-11","Sales","Salaries","525677"
"2022-11","Sales","Training","594612"
"2022-11","Sales","Travel","817279"
"2022-11","Sales","Utilities","525974"
"2022-12","Finance","Infrastructure","1236122"
"2022-12","Finance","Marketing","1031939"
"2022-12","Finance","Salaries","505167"
"2022-12","Finance","Training","774896"
"2022-12","Finance","Travel","635122"
"2022-12","Finance","Utilities","926943"
"2022-12","HR","Infrastructure","722669"
"2022-12","HR","Marketing","780571"
"2022-12","HR","Salaries","1691955"
"2022-12","HR","Training","483961"
"2022-12","HR","Travel","1097935"
"2022-12","HR","Utilities","1573334"
"2022-12","IT","Infrastructure","718908"
"2022-12","IT","Marketing","570330"
"2022-12","IT","Salaries","1294741"
"2022-12","IT","Training","724838"
"2022-12","IT","Travel","436109"
"2022-12","IT","Utilities","963440"
"2022-12","Marketing","Infrastructure","636471"
"2022-12","Marketing","Marketing","626822"
"2022-12","Marketing","Salaries","462133"
"2022-12","Marketing","Training","933677"
"2022-12","Marketing","Travel","615063"
"2022-12","Marketing","Utilities","1050687"
"2022-12","Operations","Infrastructure","462662"
"2022-12","Operations","Marketing","713203"
"2022-12","Operations","Salaries","475126"
"2022-12","Operations","Training","600272"
"2022-12","Operations","Travel","391701"
"2022-12","Operations","Utilities","770346"
"2022-12","Sales","Infrastructure","568921"
"2022-12","Sales","Marketing","602171"
"2022-12","Sales","Salaries","1014813"
"2022-12","Sales","Training","929479"
"2022-12","Sales","Travel","981977"
"2022-12","Sales","Utilities","471534"
"2023-01","Finance","Infrastructure","434328"
"2023-01","Finance","Marketing","589418"
"2023-01","Finance","Salaries","772037"
"2023-01","Finance","Training","315801"
"2023-01","Finance","Travel","979495"
"2023-01","Finance","Utilities","646897"
"2023-01","HR","Infrastructure","697428"
"2023-01","HR","Marketing","718813"
"2023-01","HR","Salaries","1110777"
"2023-01","HR","Training","407924"
"2023-01","HR","Travel","764436"
"2023-01","HR","Utilities","619654"
"2023-01","IT","Infrastructure","604742"
"2023-01","IT","Marketing","804073"
"2023-01","IT","Salaries","824748"
"2023-01","IT","Training","1149504"
"2023-01","IT","Travel","246142"
"2023-01","IT","Utilities","373674"
"2023-01","Marketing","Infrastructure","479879"
"2023-01","Marketing","Marketing","545841"
"2023-01","Marketing","Salaries","480054"
"2023-01","Marketing","Training","423941"
"2023-01","Marketing","Travel","985998"
"2023-01","Marketing","Utilities","459869"
"2023-01","Operations","Infrastructure","178537"
"2023-01","Operations","Marketing","597915"
"2023-01","Operations","Salaries","885086"
"2023-01","Operations","Training","755799"
"2023-01","Operations","Travel","518291"
"2023-01","Operations","Utilities","837484"
"2023-01","Sales","Infrastructure","361169"
"2023-01","Sales","Marketing","657545"
"2023-01","Sales","Salaries","326516"
"2023-01","Sales","Training","475745"
"2023-01","Sales","Travel","625302"
"2023-01","Sales","Utilities","786782"
"2023-02","Finance","Infrastructure","620464"
"2023-02","Finance","Marketing","460698"
"2023-02","Finance","Salaries","136729"
"2023-02","Finance","Training","394088"
"2023-02","Finance","Travel","813542"
"2023-02","Finance","Utilities","314011"
"2023-02","HR","Infrastructure","1151700"
"2023-02","HR","Marketing","664734"
"2023-02","HR","Salaries","1340932"
"2023-02","HR","Training","482185"
"2023-02","HR","Travel","557003"
"2023-02","HR","Utilities","960412"
"2023-02","IT","Infrastructure","670415"
"2023-02","IT","Marketing","357180"
"2023-02","IT","Salaries","442461"
"2023-02","IT","Training","578452"
"2023-02","IT","Travel","426070"
"2023-02","IT","Utilities","1078832"
"2023-02","Marketing","Infrastructure","567346"
"2023-02","Marketing","Marketing","883426"
"2023-02","Marketing","Salaries","768926"
"2023-02","Marketing","Training","144300"
"2023-02","Marketing","Travel","463284"
"2023-02","Marketing","Utilities","737374"
"2023-02","Operations","Infrastructure","770329"
"2023-02","Operations","Marketing","672213"
"2023-02","Operations","Salaries","241931"
"2023-02","Operations","Training","934523"
"2023-02","Operations","Travel","552439"
"2023-02","Operations","Utilities","890497"
"2023-02","Sales","Infrastructure","536426"
"2023-02","Sales","Marketing","698488"
"2023-02","Sales","Salaries","798044"
"2023-02","Sales","Training","208070"
"2023-02","Sales","Travel","1082656"
"2023-02","Sales","Utilities","314355"
"2023-03","Finance","Infrastructure","966115"
"2023-03","Finance","Marketing","696428"
"2023-03","Finance","Salaries","880108"
"2023-03","Finance","Training","596290"
"2023-03","Finance","Travel","904319"
"2023-03","Finance","Utilities","390800"
"2023-03","HR","Infrastructure","807685"
"2023-03","HR","Marketing","376740"
"2023-03","HR","Salaries","820558"
"2023-03","HR","Training","1413697"
"2023-03","HR","Travel","288821"
"2023-03","HR","Utilities","440269"
"2023-03","IT","Infrastructure","380106"
"2023-03","IT","Marketing","536964"
"2023-03","IT","Salaries","387872"
"2023-03","IT","Training","401548"
"2023-03","IT","Travel","477097"
"2023-03","IT","Utilities","770513"
"2023-03","Marketing","Infrastructure","967913"
"2023-03","Marketing","Marketing","561875"
"2023-03","Marketing","Salaries","519057"
"2023-03","Marketing","Training","957776"
"2023-03","Marketing","Travel","770516"
"2023-03","Marketing","Utilities","642433"
"2023-03","Operations","Infrastructure","796498"
"2023-03","Operations","Marketing","613870"
"2023-03","Operations","Salaries","515867"
"2023-03","Operations","Training","610166"
"2023-03","Operations","Travel","539376"
"2023-03","Operations","Utilities","724275"
"2023-03","Sales","Infrastructure","537987"
"2023-03","Sales","Marketing","681953"
"2023-03","Sales","Salaries","763747"
"2023-03","Sales","Training","349375"
"2023-03","Sales","Travel","861017"
"2023-03","Sales","Utilities","1194886"
"2023-04","Finance","Infrastructure","703936"
"2023-04","Finance","Marketing","486254"
"2023-04","Finance","Salaries","849006"
"2023-04","Finance","Training","455381"
"2023-04","Finance","Travel","1444862"
"2023-04","Finance","Utilities","1468486"
"2023-04","HR","Infrastructure","717402"
"2023-04","HR","Marketing","685162"
"2023-04","HR","Salaries","198657"
"2023-04","HR","Training","445947"
"2023-04","HR","Travel","1273666"
"2023-04","HR","Utilities","730829"
"2023-04","IT","Infrastructure","426317"
"2023-04","IT","Marketing","777241"
"2023-04","IT","Salaries","613604"
"2023-04","IT","Training","268139"
"2023-04","IT","Travel","1196731"
"2023-04","IT","Utilities","1016056"
"2023-04","Marketing","Infrastructure","810803"
"2023-04","Marketing","Marketing","786808"
"2023-04","Marketing","Salaries","930902"
"2023-04","Marketing","Training","1375122"
"2023-04","Marketing","Travel","819159"
"2023-04","Marketing","Utilities","1485302"
"2023-04","Operations","Infrastructure","860752"
"2023-04","Operations","Marketing","361494"
"2023-04","Operations","Salaries","650090"
"2023-04","Operations","Training","323060"
"2023-04","Operations","Travel","1075616"
"2023-04","Operations","Utilities","770846"
"2023-04","Sales","Infrastructure","656029"
"2023-04","Sales","Marketing","375581"
"2023-04","Sales","Salaries","524399"
"2023-04","Sales","Training","1059032"
"2023-04","Sales","Travel","680847"
"2023-04","Sales","Utilities","1878386"
"2023-05","Finance","Infrastructure","348671"
"2023-05","Finance","Marketing","175981"
"2023-05","Finance","Salaries","627615"
"2023-05","Finance","Training","668925"
"2023-05","Finance","Travel","1341165"
"2023-05","Finance","Utilities","641515"
"2023-05","HR","Infrastructure","222376"
"2023-05","HR","Marketing","233773"
"2023-05","HR","Salaries","794950"
"2023-05","HR","Training","939513"
"2023-05","HR","Travel","835754"
"2023-05","HR","Utilities","662067"
"2023-05","IT","Infrastructure","381814"
"2023-05","IT","Marketing","760105"
"2023-05","IT","Salaries","934115"
"2023-05","IT","Training","666265"
"2023-05","IT","Travel","656044"
"2023-05","IT","Utilities","526833"
"2023-05","Marketing","Infrastructure","854022"
"2023-05","Marketing","Marketing","426665"
"2023-05","Marketing","Salaries","716420"
"2023-05","Marketing","Training","952575"
"2023-05","Marketing","Travel","262556"
"2023-05","Marketing","Utilities","208759"
"2023-05","Operations","Infrastructure","862313"
"2023-05","Operations","Marketing","907399"
"2023-05","Operations","Salaries","673901"
"2023-05","Operations","Training","624155"
"2023-05","Operations","Travel","502517"
"2023-05","Operations","Utilities","1093979"
"2023-05","Sales","Infrastructure","1191021"
"2023-05","Sales","Marketing","1101527"
"2023-05","Sales","Salaries","1116149"
"2023-05","Sales","Training","362673"
"2023-05","Sales","Travel","931854"
"2023-05","Sales","Utilities","519583"
"2023-06","Finance","Infrastructure","406606"
"2023-06","Finance","Marketing","1124266"
"2023-06","Finance","Salaries","557745"
"2023-06","Finance","Training","1034529"
"2023-06","Finance","Travel","879386"
"2023-06","Finance","Utilities","208851"
"2023-06","HR","Infrastructure","390378"
"2023-06","HR","Marketing","823365"
"2023-06","HR","Salaries","506611"
"2023-06","HR","Training","420449"
"2023-06","HR","Travel","411165"
"2023-06","HR","Utilities","965028"
"2023-06","IT","Infrastructure","877397"
"2023-06","IT","Marketing","579035"
"2023-06","IT","Salaries","504218"
"2023-06","IT","Training","779482"
"2023-06","IT","Travel","399736"
"2023-06","IT","Utilities","1105887"
"2023-06","Marketing","Infrastructure","993476"
"2023-06","Marketing","Marketing","350895"
"2023-06","Marketing","Salaries","908219"
"2023-06","Marketing","Training","1125495"
"2023-06","Marketing","Travel","421547"
"2023-06","Marketing","Utilities","706373"
"2023-06","Operations","Infrastructure","888740"
"2023-06","Operations","Marketing","869018"
"2023-06","Operations","Salaries","172847"
"2023-06","Operations","Training","952380"
"2023-06","Operations","Travel","723150"
"2023-06","Operations","Utilities","728828"
"2023-06","Sales","Infrastructure","298625"
"2023-06","Sales","Marketing","587562"
"2023-06","Sales","Salaries","340775"
"2023-06","Sales","Training","626564"
"2023-06","Sales","Travel","1040747"
"2023-06","Sales","Utilities","284915"
"2023-07","Finance","Infrastructure","962519"
"2023-07","Finance","Marketing","209957"
"2023-07","Finance","Salaries","482257"
"2023-07","Finance","Training","662162"
"2023-07","Finance","Travel","498348"
"2023-07","Finance","Utilities","1136733"
"2023-07","HR","Infrastructure","1062700"
"2023-07","HR","Marketing","559143"
"2023-07","HR","Salaries","313047"
"2023-07","HR","Training","937152"
"2023-07","HR","Travel","781041"
"2023-07","HR","Utilities","847461"
"2023-07","IT","Infrastructure","576850"
"2023-07","IT","Marketing","938900"
"2023-07","IT","Salaries","845165"
"2023-07","IT","Training","810998"
"2023-07","IT","Travel","886672"
"2023-07","IT","Utilities","973405"
"2023-07","Marketing","Infrastructure","712119"
"2023-07","Marketing","Marketing","859461"
"2023-07","Marketing","Salaries","524337"
"2023-07","Marketing","Training","368105"
"2023-07","Marketing","Travel","565111"
"2023-07","Marketing","Utilities","701124"
"2023-07","Operations","Infrastructure","490861"
"2023-07","Operations","Marketing","1397878"
"2023-07","Operations","Salaries","1069136"
"2023-07","Operations","Training","582235"
"2023-07","Operations","Travel","1394172"
"2023-07","Operations","Utilities","1326047"
"2023-07","Sales","Infrastructure","1047133"
"2023-07","Sales","Marketing","893004"
"2023-07","Sales","Salaries","765237"
"2023-07","Sales","Training","914757"
"2023-07","Sales","Travel","637593"
"2023-07","Sales","Utilities","700527"
"2023-08","Finance","Infrastructure","628711"
"2023-08","Finance","Marketing","461289"
"2023-08","Finance","Salaries","1077189"
"2023-08","Finance","Training","191707"
"2023-08","Finance","Travel","626810"
"2023-08","Finance","Utilities","950321"
"2023-08","HR","Infrastructure","848390"
"2023-08","HR","Marketing","462250"
"2023-08","HR","Salaries","812103"
"2023-08","HR","Training","931996"
"2023-08","HR","Travel","985007"
"2023-08","HR","Utilities","531063"
"2023-08","IT","Infrastructure","717977"
"2023-08","IT","Marketing","613248"
"2023-08","IT","Salaries","1653877"
"2023-08","IT","Training","85415"
"2023-08","IT","Travel","605701"
"2023-08","IT","Utilities","751794"
"2023-08","Marketing","Infrastructure","705333"
"2023-08","Marketing","Marketing","518368"
"2023-08","Marketing","Salaries","752460"
"2023-08","Marketing","Training","1023362"
"2023-08","Marketing","Travel","951107"
"2023-08","Marketing","Utilities","883409"
"2023-08","Operations","Infrastructure","572076"
"2023-08","Operations","Marketing","566335"
"2023-08","Operations","Salaries","350550"
"2023-08","Operations","Training","834215"
"2023-08","Operations","Travel","533909"
"2023-08","Operations","Utilities","1394788"
"2023-08","Sales","Infrastructure","568130"
"2023-08","Sales","Marketing","433289"
"2023-08","Sales","Salaries","192815"
"2023-08","Sales","Training","370166"
"2023-08","Sales","Travel","435341"
"2023-08","Sales","Utilities","1035721"
"2023-09","Finance","Infrastructure","961659"
"2023-09","Finance","Marketing","1006191"
"2023-09","Finance","Salaries","527471"
"2023-09","Finance","Training","663218"
"2023-09","Finance","Travel","438649"
"2023-09","Finance","Utilities","206924"
"2023-09","HR","Infrastructure","797740"
"2023-09","HR","Marketing","853335"
"2023-09","HR","Salaries","556596"
"2023-09","HR","Training","1212671"
"2023-09","HR","Travel","412108"
"2023-09","HR","Utilities","828200"
"2023-09","IT","Infrastructure","906190"
"2023-09","IT","Marketing","636825"
"2023-09","IT","Salaries","853772"
"2023-09","IT","Training","19773"
"2023-09","IT","Travel","762846"
"2023-09","IT","Utilities","489639"
"2023-09","Marketing","Infrastructure","824712"
"2023-09","Marketing","Marketing","1029701"
"2023-09","Marketing","Salaries","717985"
"2023-09","Marketing","Training","1004835"
"2023-09","Marketing","Travel","1241409"
"2023-09","Marketing","Utilities","421374"
"2023-09","Operations","Infrastructure","654800"
"2023-09","Operations","Marketing","627420"
"2023-09","Operations","Salaries","796098"
"2023-09","Operations","Training","537504"
"2023-09","Operations","Travel","791818"
"2023-09","Operations","Utilities","893552"
"2023-09","Sales","Infrastructure","462540"
"2023-09","Sales","Marketing","559230"
"2023-09","Sales","Salaries","939626"
"2023-09","Sales","Training","680769"
"2023-09","Sales","Travel","733281"
"2023-09","Sales","Utilities","779199"
"2023-10","Finance","Infrastructure","756990"
"2023-10","Finance","Marketing","591712"
"2023-10","Finance","Salaries","484478"
"2023-10","Finance","Training","801835"
"2023-10","Finance","Travel","492691"
"2023-10","Finance","Utilities","367859"
"2023-10","HR","Infrastructure","24950"
"2023-10","HR","Marketing","827410"
"2023-10","HR","Salaries","455169"
"2023-10","HR","Training","620513"
"2023-10","HR","Travel","738102"
"2023-10","HR","Utilities","666198"
"2023-10","IT","Infrastructure","999999"
"2023-10","IT","Marketing","525278"
"2023-10","IT","Salaries","769829"
"2023-10","IT","Training","624884"
"2023-10","IT","Travel","681989"
"2023-10","IT","Utilities","839184"
"2023-10","Marketing","Infrastructure","817111"
"2023-10","Marketing","Marketing","1325698"
"2023-10","Marketing","Salaries","262426"
"2023-10","Marketing","Training","434140"
"2023-10","Marketing","Travel","513834"
"2023-10","Marketing","Utilities","447644"
"2023-10","Operations","Infrastructure","783613"
"2023-10","Operations","Marketing","522493"
"2023-10","Operations","Salaries","1523312"
"2023-10","Operations","Training","503927"
"2023-10","Operations","Travel","593905"
"2023-10","Operations","Utilities","1071745"
"2023-10","Sales","Infrastructure","586479"
"2023-10","Sales","Marketing","558918"
"2023-10","Sales","Salaries","323455"
"2023-10","Sales","Training","495804"
"2023-10","Sales","Travel","608456"
"2023-10","Sales","Utilities","1366341"
"2023-11","Finance","Infrastructure","728006"
"2023-11","Finance","Marketing","513402"
"2023-11","Finance","Salaries","587753"
"2023-11","Finance","Training","210287"
"2023-11","Finance","Travel","681774"
"2023-11","Finance","Utilities","962365"
"2023-11","HR","Infrastructure","364520"
"2023-11","HR","Marketing","811994"
"2023-11","HR","Salaries","425556"
"2023-11","HR","Training","719944"
"2023-11","HR","Travel","519176"
"2023-11","HR","Utilities","479152"
"2023-11","IT","Infrastructure","696492"
"2023-11","IT","Marketing","687428"
"2023-11","IT","Salaries","790701"
"2023-11","IT","Training","403074"
"2023-11","IT","Travel","634397"
"2023-11","IT","Utilities","420913"
"2023-11","Marketing","Infrastructure","843608"
"2023-11","Marketing","Marketing","974266"
"2023-11","Marketing","Salaries","998513"
"2023-11","Marketing","Training","1011775"
"2023-11","Marketing","Travel","363633"
"2023-11","Marketing","Utilities","1096341"
"2023-11","Operations","Infrastructure","512975"
"2023-11","Operations","Marketing","364095"
"2023-11","Operations","Salaries","822038"
"2023-11","Operations","Training","813948"
"2023-11","Operations","Travel","886505"
"2023-11","Operations","Utilities","223993"
"2023-11","Sales","Infrastructure","321117"
"2023-11","Sales","Marketing","1404962"
"2023-11","Sales","Salaries","432368"
"2023-11","Sales","Training","373981"
"2023-11","Sales","Travel","450508"
"2023-11","Sales","Utilities","387079"
"2023-12","Finance","Infrastructure","749875"
"2023-12","Finance","Marketing","359834"
"2023-12","Finance","Salaries","1629293"
"2023-12","Finance","Training","699724"
"2023-12","Finance","Travel","985631"
"2023-12","Finance","Utilities","503896"
"2023-12","HR","Infrastructure","328613"
"2023-12","HR","Marketing","790027"
"2023-12","HR","Salaries","1463188"
"2023-12","HR","Training","1039813"
"2023-12","HR","Travel","1166677"
"2023-12","HR","Utilities","1253635"
"2023-12","IT","Infrastructure","627879"
"2023-12","IT","Marketing","637914"
"2023-12","IT","Salaries","259168"
"2023-12","IT","Training","295525"
"2023-12","IT","Travel","826359"
"2023-12","IT","Utilities","228025"
"2023-12","Marketing","Infrastructure","413798"
"2023-12","Marketing","Marketing","1345309"
"2023-12","Marketing","Salaries","693003"
"2023-12","Marketing","Training","1037494"
"2023-12","Marketing","Travel","771615"
"2023-12","Marketing","Utilities","162381"
"2023-12","Operations","Infrastructure","496427"
"2023-12","Operations","Marketing","602084"
"2023-12","Operations","Salaries","534507"
"2023-12","Operations","Training","1661913"
"2023-12","Operations","Travel","445765"
"2023-12","Operations","Utilities","526996"
"2023-12","Sales","Infrastructure","699511"
"2023-12","Sales","Marketing","395347"
"2023-12","Sales","Salaries","1004754"
"2023-12","Sales","Training","515928"
"2023-12","Sales","Travel","264727"
"2023-12","Sales","Utilities","689896"
